"Name","ShippingAddress1","ShippingAddress2","ShippingCity","ShippingState","ShippingZip","ShippingCountry","Phone","Email","Website"
"974 - 73rd St.","974 - 73rd St.","Ste 20","West Des Moines","IA","50265","United States","(515)223-6000","kabbott@midwestlawgroup.com","http://www.midwestlawgroup.com"
"5950 Crooked Creek Rd,.","5950 Crooked Creek Rd,.","Suite 240","Peachtree Corners","GA","30092","United States","(404)736-6803","adam@alclevelaw.com","https://alclevelaw.com"
"134 Highland Avenue","134 Highland Avenue","","Waterbury","CT","6708","United States","(203)755-6500","alex@agslawct.com","http://agslawct.com"
"6100 Lake Forrest Dr, Suite 200","6100 Lake Forrest Dr, Suite 200","","Atlanta","GA","30328","United States","(678)553-7611","ghaan@aph-law.com","http://www.aph-law.com"
"PO Box 17248","PO Box 17248","","Little Rock","AR","72222","United States","(501)227-2000","lwithrow@allenwithrow.com","http://www.allenwithrow.com/"
"8601 Georgia Ave","8601 Georgia Ave","Ste 206","Silver Spring","MD","20910","United States","(301)563-6685","meflynn@a-f.net","http://www.andalmanflynncollections.com"
"815 NW 57th Avenue","815 NW 57th Avenue","Suite 401","Miami","FL","33126","United States","(786)675-6728","jandreu@andreupalma.com","http://www.andreupalma.com"
"105 River Vista Dr","105 River Vista Dr","","Buffalo","WV","25033","United States","(304)937-4919x104","jatkins@atkinsoglelaw.com","http://www.atkinsoglelaw.com"
"12 Powder Springs Street","12 Powder Springs Street","Suite 240","Marietta","GA","30064","United States","(404)978-1355","tkhano@aubreythrasher.com","http://www.aubreyfirm.com"
"999 Peachtree Street NE","999 Peachtree Street NE","Suite 1000","Atlanta","GA","30309","United States","(678)420-9490","jackmans@ballardspahr.com","http://www.ballardspahr.com"
"124 North Fulton Street","124 North Fulton Street","","Wauseon","OH","43567","United States","(419)337-5065","attorneys@barberstamm.com","http://www.bksrm.com/"
"6708 Heritage Business Ct","6708 Heritage Business Ct","","Chattanooga","TN","37421","United States","(423)855-1755","dan@b-m.law","http://b-m.law"
"701 Main Street","701 Main Street","Ste 6396","Evanston","IL","60204","United States","(512)649-4022","mnewburger@bn-lawyers.com","http://www.bn-lawyers.com"
"P.O. Box 2394","P.O. Box 2394","","Mobile","AL","36652","United States","(251)439-7400","friedman@bafmobile.com","http://www.fpf-law.com"
"189 Wells Ave","189 Wells Ave","","Newton","MA","2459","United States","(617)332-4700","neil.cohen@barsh-cohen.com","http://www.barsh-cohen.com"
"974 - 73rd St.","974 - 73rd St.","Ste 20","West Des Moines","IA","50265","United States","(515)223-6000","kabbott@midwestlawgroup.com","http://www.midwestlawgroup.com"
"5950 Crooked Creek Rd,.","5950 Crooked Creek Rd,.","Suite 240","Peachtree Corners","GA","30092","United States","(404)736-6803","adam@alclevelaw.com","https://alclevelaw.com"
"134 Highland Avenue","134 Highland Avenue","","Waterbury","CT","6708","United States","(203)755-6500","alex@agslawct.com","http://agslawct.com"
"6100 Lake Forrest Dr, Suite 200","6100 Lake Forrest Dr, Suite 200","","Atlanta","GA","30328","United States","(678)553-7611","ghaan@aph-law.com","http://www.aph-law.com"
"PO Box 17248","PO Box 17248","","Little Rock","AR","72222","United States","(501)227-2000","lwithrow@allenwithrow.com","http://www.allenwithrow.com/"
"8601 Georgia Ave","8601 Georgia Ave","Ste 206","Silver Spring","MD","20910","United States","(301)563-6685","meflynn@a-f.net","http://www.andalmanflynncollections.com"
"815 NW 57th Avenue","815 NW 57th Avenue","Suite 401","Miami","FL","33126","United States","(786)675-6728","jandreu@andreupalma.com","http://www.andreupalma.com"
"105 River Vista Dr","105 River Vista Dr","","Buffalo","WV","25033","United States","(304)937-4919x104","jatkins@atkinsoglelaw.com","http://www.atkinsoglelaw.com"
"12 Powder Springs Street","12 Powder Springs Street","Suite 240","Marietta","GA","30064","United States","(404)978-1355","tkhano@aubreythrasher.com","http://www.aubreyfirm.com"
"999 Peachtree Street NE","999 Peachtree Street NE","Suite 1000","Atlanta","GA","30309","United States","(678)420-9490","jackmans@ballardspahr.com","http://www.ballardspahr.com"
"124 North Fulton Street","124 North Fulton Street","","Wauseon","OH","43567","United States","(419)337-5065","attorneys@barberstamm.com","http://www.bksrm.com/"
"6708 Heritage Business Ct","6708 Heritage Business Ct","","Chattanooga","TN","37421","United States","(423)855-1755","dan@b-m.law","http://b-m.law"
"701 Main Street","701 Main Street","Ste 6396","Evanston","IL","60204","United States","(512)649-4022","mnewburger@bn-lawyers.com","http://www.bn-lawyers.com"
"P.O. Box 2394","P.O. Box 2394","","Mobile","AL","36652","United States","(251)439-7400","friedman@bafmobile.com","http://www.fpf-law.com"
"189 Wells Ave","189 Wells Ave","","Newton","MA","2459","United States","(617)332-4700","neil.cohen@barsh-cohen.com","http://www.barsh-cohen.com"
"974 - 73rd St.","974 - 73rd St.","Ste 20","West Des Moines","IA","50265","United States","(515)223-6000","kabbott@midwestlawgroup.com","http://www.midwestlawgroup.com"
"5950 Crooked Creek Rd,.","5950 Crooked Creek Rd,.","Suite 240","Peachtree Corners","GA","30092","United States","(404)736-6803","adam@alclevelaw.com","https://alclevelaw.com"
"134 Highland Avenue","134 Highland Avenue","","Waterbury","CT","6708","United States","(203)755-6500","alex@agslawct.com","http://agslawct.com"
"6100 Lake Forrest Dr, Suite 200","6100 Lake Forrest Dr, Suite 200","","Atlanta","GA","30328","United States","(678)553-7611","ghaan@aph-law.com","http://www.aph-law.com"
"PO Box 17248","PO Box 17248","","Little Rock","AR","72222","United States","(501)227-2000","lwithrow@allenwithrow.com","http://www.allenwithrow.com/"
"8601 Georgia Ave","8601 Georgia Ave","Ste 206","Silver Spring","MD","20910","United States","(301)563-6685","meflynn@a-f.net","http://www.andalmanflynncollections.com"
"815 NW 57th Avenue","815 NW 57th Avenue","Suite 401","Miami","FL","33126","United States","(786)675-6728","jandreu@andreupalma.com","http://www.andreupalma.com"
"105 River Vista Dr","105 River Vista Dr","","Buffalo","WV","25033","United States","(304)937-4919x104","jatkins@atkinsoglelaw.com","http://www.atkinsoglelaw.com"
"12 Powder Springs Street","12 Powder Springs Street","Suite 240","Marietta","GA","30064","United States","(404)978-1355","tkhano@aubreythrasher.com","http://www.aubreyfirm.com"
"999 Peachtree Street NE","999 Peachtree Street NE","Suite 1000","Atlanta","GA","30309","United States","(678)420-9490","jackmans@ballardspahr.com","http://www.ballardspahr.com"
"124 North Fulton Street","124 North Fulton Street","","Wauseon","OH","43567","United States","(419)337-5065","attorneys@barberstamm.com","http://www.bksrm.com/"
"6708 Heritage Business Ct","6708 Heritage Business Ct","","Chattanooga","TN","37421","United States","(423)855-1755","dan@b-m.law","http://b-m.law"
"701 Main Street","701 Main Street","Ste 6396","Evanston","IL","60204","United States","(512)649-4022","mnewburger@bn-lawyers.com","http://www.bn-lawyers.com"
"P.O. Box 2394","P.O. Box 2394","","Mobile","AL","36652","United States","(251)439-7400","friedman@bafmobile.com","http://www.fpf-law.com"
"189 Wells Ave","189 Wells Ave","","Newton","MA","2459","United States","(617)332-4700","neil.cohen@barsh-cohen.com","http://www.barsh-cohen.com"
"974 - 73rd St.","974 - 73rd St.","Ste 20","West Des Moines","IA","50265","United States","(515)223-6000","kabbott@midwestlawgroup.com","http://www.midwestlawgroup.com"
"5950 Crooked Creek Rd,.","5950 Crooked Creek Rd,.","Suite 240","Peachtree Corners","GA","30092","United States","(404)736-6803","adam@alclevelaw.com","https://alclevelaw.com"
"134 Highland Avenue","134 Highland Avenue","","Waterbury","CT","6708","United States","(203)755-6500","alex@agslawct.com","http://agslawct.com"
"6100 Lake Forrest Dr, Suite 200","6100 Lake Forrest Dr, Suite 200","","Atlanta","GA","30328","United States","(678)553-7611","ghaan@aph-law.com","http://www.aph-law.com"
"PO Box 17248","PO Box 17248","","Little Rock","AR","72222","United States","(501)227-2000","lwithrow@allenwithrow.com","http://www.allenwithrow.com/"
"8601 Georgia Ave","8601 Georgia Ave","Ste 206","Silver Spring","MD","20910","United States","(301)563-6685","meflynn@a-f.net","http://www.andalmanflynncollections.com"
"815 NW 57th Avenue","815 NW 57th Avenue","Suite 401","Miami","FL","33126","United States","(786)675-6728","jandreu@andreupalma.com","http://www.andreupalma.com"
"105 River Vista Dr","105 River Vista Dr","","Buffalo","WV","25033","United States","(304)937-4919x104","jatkins@atkinsoglelaw.com","http://www.atkinsoglelaw.com"
"12 Powder Springs Street","12 Powder Springs Street","Suite 240","Marietta","GA","30064","United States","(404)978-1355","tkhano@aubreythrasher.com","http://www.aubreyfirm.com"
"999 Peachtree Street NE","999 Peachtree Street NE","Suite 1000","Atlanta","GA","30309","United States","(678)420-9490","jackmans@ballardspahr.com","http://www.ballardspahr.com"
"124 North Fulton Street","124 North Fulton Street","","Wauseon","OH","43567","United States","(419)337-5065","attorneys@barberstamm.com","http://www.bksrm.com/"
"6708 Heritage Business Ct","6708 Heritage Business Ct","","Chattanooga","TN","37421","United States","(423)855-1755","dan@b-m.law","http://b-m.law"
"701 Main Street","701 Main Street","Ste 6396","Evanston","IL","60204","United States","(512)649-4022","mnewburger@bn-lawyers.com","http://www.bn-lawyers.com"
"P.O. Box 2394","P.O. Box 2394","","Mobile","AL","36652","United States","(251)439-7400","friedman@bafmobile.com","http://www.fpf-law.com"
"189 Wells Ave","189 Wells Ave","","Newton","MA","2459","United States","(617)332-4700","neil.cohen@barsh-cohen.com","http://www.barsh-cohen.com"
"974 - 73rd St.","974 - 73rd St.","Ste 20","West Des Moines","IA","50265","United States","(515)223-6000","kabbott@midwestlawgroup.com","http://www.midwestlawgroup.com"
"5950 Crooked Creek Rd,.","5950 Crooked Creek Rd,.","Suite 240","Peachtree Corners","GA","30092","United States","(404)736-6803","adam@alclevelaw.com","https://alclevelaw.com"
"134 Highland Avenue","134 Highland Avenue","","Waterbury","CT","6708","United States","(203)755-6500","alex@agslawct.com","http://agslawct.com"
"6100 Lake Forrest Dr, Suite 200","6100 Lake Forrest Dr, Suite 200","","Atlanta","GA","30328","United States","(678)553-7611","ghaan@aph-law.com","http://www.aph-law.com"
"PO Box 17248","PO Box 17248","","Little Rock","AR","72222","United States","(501)227-2000","lwithrow@allenwithrow.com","http://www.allenwithrow.com/"
"8601 Georgia Ave","8601 Georgia Ave","Ste 206","Silver Spring","MD","20910","United States","(301)563-6685","meflynn@a-f.net","http://www.andalmanflynncollections.com"
"815 NW 57th Avenue","815 NW 57th Avenue","Suite 401","Miami","FL","33126","United States","(786)675-6728","jandreu@andreupalma.com","http://www.andreupalma.com"
"105 River Vista Dr","105 River Vista Dr","","Buffalo","WV","25033","United States","(304)937-4919x104","jatkins@atkinsoglelaw.com","http://www.atkinsoglelaw.com"
"12 Powder Springs Street","12 Powder Springs Street","Suite 240","Marietta","GA","30064","United States","(404)978-1355","tkhano@aubreythrasher.com","http://www.aubreyfirm.com"
"999 Peachtree Street NE","999 Peachtree Street NE","Suite 1000","Atlanta","GA","30309","United States","(678)420-9490","jackmans@ballardspahr.com","http://www.ballardspahr.com"
"124 North Fulton Street","124 North Fulton Street","","Wauseon","OH","43567","United States","(419)337-5065","attorneys@barberstamm.com","http://www.bksrm.com/"
"6708 Heritage Business Ct","6708 Heritage Business Ct","","Chattanooga","TN","37421","United States","(423)855-1755","dan@b-m.law","http://b-m.law"
"701 Main Street","701 Main Street","Ste 6396","Evanston","IL","60204","United States","(512)649-4022","mnewburger@bn-lawyers.com","http://www.bn-lawyers.com"
"P.O. Box 2394","P.O. Box 2394","","Mobile","AL","36652","United States","(251)439-7400","friedman@bafmobile.com","http://www.fpf-law.com"
"189 Wells Ave","189 Wells Ave","","Newton","MA","2459","United States","(617)332-4700","neil.cohen@barsh-cohen.com","http://www.barsh-cohen.com"
"974 - 73rd St.","974 - 73rd St.","Ste 20","West Des Moines","IA","50265","United States","(515)223-6000","kabbott@midwestlawgroup.com","http://www.midwestlawgroup.com"
"5950 Crooked Creek Rd,.","5950 Crooked Creek Rd,.","Suite 240","Peachtree Corners","GA","30092","United States","(404)736-6803","adam@alclevelaw.com","https://alclevelaw.com"
"134 Highland Avenue","134 Highland Avenue","","Waterbury","CT","6708","United States","(203)755-6500","alex@agslawct.com","http://agslawct.com"
"6100 Lake Forrest Dr, Suite 200","6100 Lake Forrest Dr, Suite 200","","Atlanta","GA","30328","United States","(678)553-7611","ghaan@aph-law.com","http://www.aph-law.com"
"PO Box 17248","PO Box 17248","","Little Rock","AR","72222","United States","(501)227-2000","lwithrow@allenwithrow.com","http://www.allenwithrow.com/"
"8601 Georgia Ave","8601 Georgia Ave","Ste 206","Silver Spring","MD","20910","United States","(301)563-6685","meflynn@a-f.net","http://www.andalmanflynncollections.com"
"815 NW 57th Avenue","815 NW 57th Avenue","Suite 401","Miami","FL","33126","United States","(786)675-6728","jandreu@andreupalma.com","http://www.andreupalma.com"
"105 River Vista Dr","105 River Vista Dr","","Buffalo","WV","25033","United States","(304)937-4919x104","jatkins@atkinsoglelaw.com","http://www.atkinsoglelaw.com"
"12 Powder Springs Street","12 Powder Springs Street","Suite 240","Marietta","GA","30064","United States","(404)978-1355","tkhano@aubreythrasher.com","http://www.aubreyfirm.com"
"999 Peachtree Street NE","999 Peachtree Street NE","Suite 1000","Atlanta","GA","30309","United States","(678)420-9490","jackmans@ballardspahr.com","http://www.ballardspahr.com"
"124 North Fulton Street","124 North Fulton Street","","Wauseon","OH","43567","United States","(419)337-5065","attorneys@barberstamm.com","http://www.bksrm.com/"
"6708 Heritage Business Ct","6708 Heritage Business Ct","","Chattanooga","TN","37421","United States","(423)855-1755","dan@b-m.law","http://b-m.law"
"701 Main Street","701 Main Street","Ste 6396","Evanston","IL","60204","United States","(512)649-4022","mnewburger@bn-lawyers.com","http://www.bn-lawyers.com"
"P.O. Box 2394","P.O. Box 2394","","Mobile","AL","36652","United States","(251)439-7400","friedman@bafmobile.com","http://www.fpf-law.com"
"189 Wells Ave","189 Wells Ave","","Newton","MA","2459","United States","(617)332-4700","neil.cohen@barsh-cohen.com","http://www.barsh-cohen.com"
"974 - 73rd St.","974 - 73rd St.","Ste 20","West Des Moines","IA","50265","United States","(515)223-6000","kabbott@midwestlawgroup.com","http://www.midwestlawgroup.com"
"5950 Crooked Creek Rd,.","5950 Crooked Creek Rd,.","Suite 240","Peachtree Corners","GA","30092","United States","(404)736-6803","adam@alclevelaw.com","https://alclevelaw.com"
"134 Highland Avenue","134 Highland Avenue","","Waterbury","CT","6708","United States","(203)755-6500","alex@agslawct.com","http://agslawct.com"
"6100 Lake Forrest Dr, Suite 200","6100 Lake Forrest Dr, Suite 200","","Atlanta","GA","30328","United States","(678)553-7611","ghaan@aph-law.com","http://www.aph-law.com"
"PO Box 17248","PO Box 17248","","Little Rock","AR","72222","United States","(501)227-2000","lwithrow@allenwithrow.com","http://www.allenwithrow.com/"
"8601 Georgia Ave","8601 Georgia Ave","Ste 206","Silver Spring","MD","20910","United States","(301)563-6685","meflynn@a-f.net","http://www.andalmanflynncollections.com"
"815 NW 57th Avenue","815 NW 57th Avenue","Suite 401","Miami","FL","33126","United States","(786)675-6728","jandreu@andreupalma.com","http://www.andreupalma.com"
"105 River Vista Dr","105 River Vista Dr","","Buffalo","WV","25033","United States","(304)937-4919x104","jatkins@atkinsoglelaw.com","http://www.atkinsoglelaw.com"
